isni,name_count,surname,forename
0000000448167993,1,Ponsonby,Geraldine Sarah
0000000448167993,2,Mayo,Geraldine Sarah
0000000448167993,3,Mayo,Geraldine Bourke
0000000510934891,1,Cruwys,Margaret Campbell Speke
0000000510858147,1,Herbert,Augusta Charlotte Elizabeth
0000000510963326,1,Gaye,P.
0000000510964388,1,Hurt,Georgiana Susan
0000000510923076,1,Goodbody,Olga Brilliana
0000000510941928,1,Cragg,Adelaide Alexandra
0000000510921345,1,Knox Little,E. A.
0000000510860183,1,Nichols,Lucy
0000000510922831,1,Sanders,
0000000510917899,1,Master,
0000000510864029,1,Partington,Henrietta Catherine
0000000110285474,1,Edwards,Amelia Blandford
0000000110285474,2,Edwards,Amelia B.
0000000110285474,3,Amelia Edwards,
0000000110285474,4,Edwards,Amelia Ann Blandford
0000000110285474,5,Edwards,Amelia Ann Blanford
0000000110285474,6,Edwards,Amelia Ann Blanford
0000000110285474,7,Edwards,Amelia Ann Blanford
0000000110285474,8,Edwards,Amelia Ann Blanford
0000000110285474,9,Edwards,Amelia Ann Blanford
0000000110285474,10,Edwards,Amelia Ann Blanford
0000000110285474,11,Edwards,Amelia Ann Blanford
0000000110285474,12,Edwards,Amelia Ann Blanford
0000000110285474,13,Edwards,Amelia Ann Blanford
0000000110285474,14,Edwards,Amelia B.
0000000110285474,15,Edwards,Amelia B.
0000000110285474,16,Edwards,Amelia Blandford
0000000110285474,17,Edwards,Amelia Blanford
0000000110285474,18,Edwards,Amelia Blandford
0000000110285474,19,إدواردز، أميليا،,
0000000110285474,20,Edwards,Amelia B.
0000000110285474,21,Edwards,Amelia Blanford
0000000114215983,1,Brown,Marie 
0000000114215983,2,Shipley,Mrs John B.
0000000114215983,3,Brown,Marie A.
0000000114215983,4,Brown,Marie A.
0000000114215983,5,Shipley,Marie A.
0000000114215983,6,Shipley,Marie A.
0000000114215983,7,Shipley,Marie A.
0000000114215983,8,Shipley,Marie Adelaide Brown
0000000114215983,9,Shipley,Marie Adelaide
0000000076941633,1,Meux,Valerie Susan
0000000076941633,2,Meux,Valerie Suzie
0000000076941633,3,Meux,Valerie Suzie
0000000076941633,4,Meux,Valerie Susie
0000000076941633,5,Meux,Valerie Susie
0000000510923041,1,Cooper,Marion Helen
0000000080147897,1,Taylor,Joan du Plat
0000000080147897,2,Taylor,Joan du Plat
0000000080147897,3,Joan du Plat Taylor,
0000000080147897,4,Taylor,Joan du Plat
0000000080147897,5,Taylor,Joan du Plat
0000000080147897,6,Taylor,Joan du Plat
0000000080147897,7,Taylor,Joan du Plat
0000000080147897,8,Taylor,Joan du Plat
0000000080147897,9,Taylor,Joan du Plat
0000000080147897,10,Taylor,Joan Du Plat
0000000084083157,1,Lobel,Mary Doreen
0000000084083157,2,Lobel,Mary Doreen
0000000084083157,3,Lobel,Mary D.
0000000084083157,4,Lobel,M. D.
0000000084083157,5,Lobel,M. D.
0000000084083157,6,Lobel,Mary D.
0000000084083157,7,Lobel,Mary Doreen
0000000084083157,8,Lobel,Mary Doreen
0000000084083157,9,Lobel,Mary Doreen
0000000084083157,10,Mary Lobel,
0000000084083157,11,Lobel,Mary D.
0000000023772995,1,Farquhar,Helen
0000000023772995,2,Farquhar,Helen
0000000023772995,3,Farquhar,Helen
0000000499894189,1,Dodson,Florence Harriet
0000000499894189,2,Dodson,Florence H
0000000510848475,1,Milman,
0000000067430284,1,Chitty,Lily Frances
0000000067430284,2,Chitty,Lily F.
0000000067430284,3,Chitty,Lily F.
0000000067430284,4,Chitty,Lily Frances
0000000067430284,5,Chitty,Lily Frances
0000000448419775,1,Baillie Hamilton,Mary
0000000448419775,2,Baillie Hamilton,Mary
0000000510867107,1,Walkington,Letitia Alice
000000051088007X,1,Taylor,Susette Martha
0000000442183984,1,Clarke,Daisy Emily Martin
0000000442183984,2,Clarke,Daisy Emily Martin
0000000082067313,1,Caton-Thompson,Gertrude
0000000082067313,2,Caton-Thompson,Gertrude
0000000082067313,3,Caton-Thompson,Gertrude
0000000082067313,4,Caton-Thompson,Gertrude
0000000082067313,5,Caton-Thompson,Gertrude
0000000082067313,6,Caton-Thompson,Gertrude
0000000082067313,7,Caton-Thompson,Gertrude
0000000082067313,8,Gertrude Caton–Thompson,
0000000082067313,9,Caton Thompson,Gertrude
0000000082067313,10,Caton-Thompson,G.
0000000034646513,1,Leonard,Ellen M.
0000000034646513,2,Leonard,Ellen M.
0000000034646513,3,Leonard,Ellen M.
0000000034646513,4,Leonard,Ellen M.
0000000034646513,5,Leonard,Ellen M.
0000000034646513,6,Leonard,Ellen
0000000034646513,7,Leonard,"Ellen M."
0000000030677048,1,Moss,Rosalind Louisa Beaufort
0000000030677048,2,Moss,Rosalind L. B.
0000000030677048,3,Moss,Rosalind L. B.
0000000030677048,4,Moss,Rosalind L. B.
0000000030677048,5,Moss,Rosalind L. B.
0000000030677048,6,Moss,Rosalind L. B.
0000000030677048,7,Moss,Rosalind L. B.
0000000030677048,8,Moss,Rosalind Louisa Beaufort
0000000030677048,9,Rosalind Moss,
0000000030677048,10,Moss,Rosalind L. B.
0000000030677048,11,Moss,Rosalind Louisa Beaufort
0000000002297603,1,Midgley,L. Margaret
0000000002297603,2,Midgley,L. Margaret
0000000002297603,3,Midgley,L. Margaret
0000000002297603,4,Midgley,L. Margaret
0000000002297603,5,Midgley,L. Margaret
0000000002297603,6,Midgley,L. Margaret
0000000002297603,7,Midgley,Laura Margaret
0000000002297603,8,Midgley,Laura Margaret
0000000002297603,9,Midgley,Laura Margaret
000000005010436X,1,Maclagan,Christian
000000005010436X,2,Christian Maclagan,
000000005010436X,3,Maclagan,Christian
0000000510860909,1,Niblett,Caroline Anne
0000000107799693,1,Henry,Françoise
0000000107799693,2,Henry,Françoise
0000000107799693,3,Henry,Françoise E.E.
0000000107799693,4,Henry,Franc̦oise
0000000107799693,5,Henry,Françoise
0000000107799693,6,Françoise Henry,
0000000107799693,7,Henry,Françoise
0000000107799693,8,Henry,Françoise
0000000107799693,9,Henry,Françoise
0000000107799693,10,Henry,Françoise
0000000107799693,12,Henry,Françoise
0000000107799693,13,Henry,Françoise
0000000107799693,14,Henry,Françoise
0000000107799693,15,Henry,Françoise
0000000107799693,16,Henry,Françoise E.E.
0000000107799693,17,Henry,Françoise
0000000510941848,1,Peake,Charlotte Mary Augusta
0000000043549870,1,Layard,Nina Frances
0000000043549870,2,Layard,Nina Frances
0000000043549870,3,Layard,Nina Frances
0000000043549870,4,Layard,Nina Frances
0000000043549870,5,Nina Frances Layard,
0000000043549870,6,Layard,Nina Frances
0000000510868791,1,Cowell,Mrs James
0000000066667976,1,Jones,Emily Elizabeth Constance
0000000066667976,2,Emily Elizabeth Constance Jones,
0000000066667976,3,Jones,E. E. Constance
0000000066667976,4,Jones,Emily Elizabeth Constance
0000000066667976,5,Jones,Emily Elizabeth Constance
0000000066667976,6,Jones,Emily Elizabeth Constance
0000000066667976,7,Jones,Emily Elizabeth Constance
0000000066667976,8,Jones,Emily Elisabeth Constance
0000000066667976,9,Jones,E.E.Constance
0000000114399305,1,White,Beatrice M. Irene
0000000114399305,2,White,Beatrice
0000000114399305,3,Beatrice White,
0000000114399305,4,White,Beatrice
0000000114399305,5,White,Beatrice M.I.
0000000114399305,6,White,Beatrice
0000000114399305,7,White,Beatrice
0000000114399305,8,White,Beatrice
0000000114399305,9,White,Beatrice
0000000510848686,1,Fox,Nancy Piercy
0000000510935632,1,Lee,Constance
0000000510934779,1,Briscoe,Grace
0000000082453214,1,Green,Mary Anne Everett
0000000082453214,2,Green,Mary Anne Everett
0000000082453214,3,Green,Mary Anne Everett
0000000082453214,4,Green,Mary Anne Everett
0000000082453214,5,Green,Mary Anne Everett Wood
0000000082453214,6,Green,Mary Anne Everett Wood
0000000082453214,7,Mary Anne Everett Green,
0000000082453214,8,Green,Mary Anne Everett
0000000082453214,9,Green,Mary Anne Everett
0000000082453214,10,Green,Mary Anne Everett
0000000066679483,1,Plunket,Emmeline M.
0000000066679483,2,Plunket,Emmeline Mary
0000000066679483,3,Plunket,Emmeline
0000000066679483,4,Plunket,Emmeline M.
0000000066679483,5,Plunket,Emmeline M.
0000000066679483,6,Plunket,Emmeline Mary
0000000510860562,1,Prior,
0000000510936969,1,Master,Georgina Emily Chester
0000000510921361,1,Longfield,Gertrude
0000000510938008,1,Baldwyn Childe,Frances C.
000000051086335X,1,Lascelles,
0000000510884062,1,Jeffires,
0000000080546396,1,Bagnall-Oakeley,Mary Ellen
0000000080546396,2,Bagnall-Oakeley,Mary Ellen
0000000077114541,1,Treadwin,
0000000077114541,2,Treadwin,Charlotte E.
0000000510860642,1,Warrand,
0000000510936037,1,Trench,Emily Mary Chenevix
0000000081479965,1,Godden,Gertrude Mary
0000000081479965,2,Godden,G. M
0000000081479965,3,Godden,G.M.
0000000081479965,4,Gertrude M. Godden,
0000000081479965,5,Godden,G. M.
0000000081479965,6,Godden,G.M.
0000000081479965,7,Godden,Gertrude M.
0000000081479965,8,Godden,Gertrude M.
0000000081479965,9,Godden,Gertrude M.
0000000081479965,10,Godden,Gertrude M.
000000051084815X,1,Maberly,E.
0000000054757288,1,Hunt,Edith M.
0000000054757288,2,Hunt,Edith M.
0000000510884150,1,Ussher,Mary
0000000510860044,1,Way,Mary Alithea
0000000081031765,1,Bateson,Mary
0000000081031765,2,Bateson,Mary
0000000081031765,3,Bateson,Mary
0000000081031765,4,Bateson,Mary
0000000081031765,5,Bateson,Mary
0000000081031765,6,Bateson,Mary
0000000081031765,7,Bateson,Mary
0000000081031765,8,Bateson,Mary
0000000081031765,9,Bateson,Mary
0000000081031765,10,Bateson,Mary
0000000081031765,11,Mary Bateson,
0000000081031765,12,Bateson,Mary
0000000081031765,13,Bateson,Mary
0000000510845821,1,Way,Emmeline
0000000510883908,1,Down,Gertrude Charlotte Elizabeth
0000000397705754,1,Armitage,Ella Sophia
0000000397705754,2,Armitage,Ella S.
0000000397705754,3,Armitage,Ella Sophia
0000000397705754,4,Ella Sophia Armitage,
0000000397705754,5,Armitage,Ella Sophia
0000000510860087,1,Smith,Mrs Eustace
0000000121174921,1,Lewis,Agnes Smith
0000000121174921,2,Lewis,Agnes Smith
0000000121174921,3,Lewis,Agnes Smith
0000000121174921,4,Lewis,Agnes Smith
0000000121174921,5,Lewis,Agnes Smith
0000000121174921,6,Lewis,Agnes Smith
0000000121174921,7,Lewis,Agnes Smith
0000000121174921,8,Lewis,Agnes Smith
0000000121174921,9,Lewis,Agnes Smith
0000000016242857,1,Ruffer,Veronica
0000000016242857,2,Ruffer,Veronica
0000000510967060,1,Hodges,Elizabeth
0000000510858059,1,Ouvry,Emily Anna
0000000078917573,1,MacGregor,Jessie
0000000078917573,2,Jessie MacGregor,
0000000078917573,3,MacGregor,Jessie
0000000078917573,4,MacGregor,Jessie
0000000078917573,5,MacGregor,Jessie
0000000394056912,1,Lindsay,Lilian
0000000394056912,2,Lindsay,Lilian
0000000510845530,1,Ward,
0000000510845768,1,Heming,
0000000029686123,1,Cameron,Mary Emily
0000000029686123,2,Cameron,Mary Emily
0000000080773062,1,Chadwick,Nora Kershaw
0000000080773062,2,Chadwick,Nora K.
0000000080773062,3,Chadwick,Nora Kershaw
0000000080773062,4,Chadwick,N. K.
0000000080773062,5,Chadwick,Nora K.
0000000080773062,6,Chadwick,Nora K.
0000000080773062,7,Chadwick,Nora K.
0000000080773062,8,Chadwick,Nora K.
0000000080773062,9,Chadwick,Nora K.
0000000080773062,10,Chadwick,Nora Kershaw
0000000080773062,11,Chadwick,Nora Kershaw
0000000080773062,12,Chadwick,Nora Kershaw
0000000080773062,13,Chadwick,Nora Kershaw
0000000080773062,14,Chadwick,Nora Kershaw
0000000080773062,15,Chadwick,Nora Kershaw
0000000080773062,16,Chadwick,Nora Kershaw
0000000080773062,17,Chadwick,Nora Kershaw
0000000080773062,18,Chadwick,Nora Kershaw
0000000080773062,19,Nora Kershaw Chadwick,
0000000080773062,20,تشادويك، نورا ك.،,
0000000080773062,21,Chadwick,N. Kershaw
0000000080773062,22,Chadwick,Nora Kershaw
0000000510860589,1,Armitt,Mary Louisa
0000000510858702,1,Chesshyre,Mary Elizabeth
0000000118489789,1,Thornley,Isobel D.
0000000118489789,2,Thornley,I. D.
0000000118489789,3,Thornley,I.D.
0000000118489789,4,Thornley,Isobel D.
0000000118489789,5,Thornley,Isobel Dorothy
0000000510847894,1,Owen,Mary
0000000510883393,1,Kingsley,
0000000449326888,1,Monteiro,Henriqueta
0000000449326888,2,Henriqueta Monteiro,
0000000449326888,3,Monteiro,Henriqueta
0000000061472141,1,Toynbee,Margaret Ruth
0000000061472141,2,Toynbee,Margaret
0000000061472141,3,Toynbee,Margaret
0000000061472141,4,Toynbee,Margaret
0000000061472141,5,Toynbee,Margaret
0000000061472141,6,Toynbee,Margaret Ruth
0000000061472141,7,Toynbee,Margaret Ruth
0000000061472141,8,Toynbee,Margaret
0000000510964329,1,Day,Emily
0000000082793454,1,Peacock,Mabel
0000000082793454,2,Mabel Peacock,
0000000082793454,3,Peacock,Mabel
0000000082793454,4,Peacock,Mabel
0000000082793454,5,Peacock,Mabel
0000000510958682,1,Grove,Florence
0000000081411469,1,Toulmin Smith,Lucy
0000000081411469,2,Smith,Lucy Toulmin
0000000081411469,3,Smith,Lucy Toulmin
0000000081411469,4,Lucy Toulmin Smith,
0000000081411469,5,Smith Lucy Toulmin,
0000000081411469,6,Smith,Lucy Toulmin
0000000081411469,7,Smith,Lucy Toulmin
0000000081411469,8,Smith,Lucy Toulmin
0000000081411469,9,Smith,Lucy Toulmin
0000000081411469,10,Smith,Lucy Toulmin
0000000081411469,11,Smith,Lucy Toulmin
0000000081411469,12,Smith,Lucy Toulmin
0000000081411469,13,Smith,Lucy Toulmin
0000000081411469,14,Smith,Lucy Toulmin
0000000081411469,15,Smith,Lucy Toulmin
0000000081411469,16,Smith,Lucy Toulmin
0000000081411469,17,Smith,Lucy Toulmin
000000044721062X,1,Blake,Edith
000000044721062X,2,Edith Bernal Blake,
0000000510883588,1,Beevor,Lucy
000000051083257X,1,Bland,Fanny
0000000084675742,1,Armytage,Fenella
0000000084675742,2,Armytage,
0000000038697123,1,Berkeley,Mildred
0000000038697123,2,Berkeley,Mildred
0000000510937232,1,Moore,Anne Tower
0000000510918031,1,Simpson,B. E.
0000000061233685,1,Cameron,Mary Lovett
0000000061233685,2,Cameron,Mary Lovett
0000000061233685,3,Cameron,Mary Lovett
0000000061233685,4,Cameron,Mary Lovett
0000000061233685,5,Cameron,Mary Lovett
0000000061233685,6,Mary Lovett Cameron,
000000008351033X,1,Eckenstein,Lina
000000008351033X,2,Eckenstein,Lina
000000008351033X,3,Eckenstein,Lina
000000008351033X,4,Eckenstein,Lina
000000008351033X,5,Lina Eckenstein,
000000008351033X,6,Eckenstein,Lina
0000000510918146,1,Foord,
0000000081100572,1,Stopes,Charlotte Carmichael
0000000081100572,2,Stopes,Charlotte Carmichael
0000000081100572,3,Charlotte Carmichael Stopes,
0000000081100572,4,Stopes,C. C.
0000000081100572,5,Stopes,C. C.
0000000081100572,6,Stopes,C. C.
0000000081100572,7,Stopes,C. C.
0000000081100572,8,Stopes,Charlotte C.
0000000081100572,9,Stopes,Charlotte Carmichael
0000000081100572,10,Stopes,Charlotte Carmichael
0000000081100572,11,Stopes,Charlotte Carmichael
0000000081100572,12,Stopes,C.C.
0000000510870277,1,Lambert,Henrietta
0000000121294835,1,Gilchrist,Annie Geddes
0000000121294835,2,Anne Gilchrist,
0000000121294835,3,Gilchrist,Anne Geddes
0000000121294835,4,Gilchrist,Anne Geddes
0000000115586313,1,Harmer,Florence Elizabeth
0000000115586313,2,Harmer,Florence Elizabeth
0000000115586313,3,Harmer,Florence E.
0000000115586313,4,Florence Harmer,
0000000115586313,5,Harmer,Florence E.
0000000115586313,6,Harmer,Florence E.
0000000115586313,7,Harmer,Florence Elizabeth
0000000115586313,8,Harmer,Florence Elizabeth
0000000115586313,9,Harmer,Florence Elizabeth
0000000115586313,10,Harmer,Florence Elizabeth
0000000115586313,11,Harmer,F.E.
0000000510937726,1,Cross,Marjorie
000000051084890X,1,Myers,Joan Mary Lovell
0000000510918429,1,Scull,Edith Maria
0000000510922794,1,Parkin,E. M.
0000000510950082,1,Jones ,Evelyn Mary
0000000510844378,1,Austin,Gertrude
0000000510923092,1,Keef,Phoebe Alice Marion
0000000510921409,1,Mrs Good,
0000000510935560,1,Meade-Waldo,Cecily Frances
0000000054570536,1,Schlesinger,Kathleen
0000000054570536,2,Kathleen Schlesinger,
0000000054570536,3,Schlesinger,Kathleen
0000000054570536,4,Schlesinger,Kathleen
0000000054570536,5,Schlesinger,Kathleen
0000000510845004,1,Long,"A. F., Miss"
0000000045821604,1,Dent,Emma
0000000045821604,2,Dent,Emma
0000000045821604,3,Dent,Emma
0000000033370025,1,Buckland,Anne Walbank
0000000033370025,2,Anne Walbank Buckland,
0000000033370025,3,Buckland,Anne Walbank
0000000510858622,1,Sheffield,
0000000123377749,1,Lawson,Emily M.
0000000123377749,2,Lawson,Emily M.
0000000510883297,1,Boswell,
0000000510867334,1,Clarke,Edith Lilias Bruce
0000000510883510,1,Smith,
0000000074254178,1,Richardson,Katherine Margaret
0000000074254178,2,Richardson,Katherine M.
0000000074254178,3,Richardson,Katherine M.
0000000074254178,4,Richardson,Katherine M.
0000000385454548,1,Lorimer,Hilda Lockhart
0000000385454548,2,Hilda Lockhart Lorimer,
0000000385454548,3,Lorimer,H. L.
0000000385454548,4,Lorimer,Hilda Lockhart
0000000385454548,5,Lorimer,Hilda Lockhart
0000000385454548,6,Lorimer,Hilda Lockhart
0000000385454548,7,Lorimer,Hilde Lockhart
0000000510883633,1,Brown,
0000000082185723,1,Cope,Emma Elizabeth
0000000082185723,2,Cope,Emma Elizabeth
0000000082185723,3,Emma Elizabeth Thoyts,
0000000082185723,4,Thoyts,Emma Elizabeth
0000000082185723,5,Thoyts,Emma Elizabeth
0000000082185723,6,Thoyts,Emma Elizabeth
0000000082185723,7,Thoyts,Emma Elizabeth
0000000039583558,1,Morton,Anna Anderson
0000000039583558,2,Morton,A.A.
0000000039583558,3,Morton,A. Anderson
0000000039583558,4,Morton,A. A.
0000000039583558,5,Morton,A. Anderson
0000000039583558,6,Morton,A.A.
0000000510941661,1,Russell,Helen Jane Mountstuart
0000000510867123,1,Dodd,Margaret Augusta
000000008403091X,1,Levy,Gertrude Rachel
000000008403091X,2,Levy,Gertrude Rachel
000000008403091X,3,Gertrude Rachel Levy,
000000008403091X,4,Levy,G. Rachel
000000008403091X,5,Levy,G. Rachel
000000008403091X,6,Levy,G. Rachel
000000008403091X,7,Levy,Gertrude Rachel
000000008403091X,8,Levy,Gertrude Rachel
000000008403091X,9,Levy,Gertrude Rachel
000000008403091X,10,Levy,Gertrude Rachel
000000008403091X,11,Levy,Gertrude Rachel
0000000510858323,1,Branson,Elizabeth
0000000510844298,1,MacLeod,Flora A.
0000000510867369,1,Story-Maskelyne,Inez
0000000510942103,1,Tite,Emily
0000000510845557,1,Sturge,Julia
0000000510863974,1,Lumsden,Mary
0000000080846129,1,Weston,Jessie Laidlay
0000000080846129,2,Weston,Jessie L.
0000000080846129,3,Jessie Weston,
0000000080846129,4,Weston,Jessie L.
0000000080846129,5,Weston,Jessie L.
0000000080846129,6,Weston,Jessie L.
0000000080846129,7,Weston,Jessie Laidlay
0000000080846129,8,Weston,Jessie Laidlay
0000000080846129,9,Weston,Jessie Laidlay
0000000080846129,10,Weston,Jessie Laidlay
0000000080846129,11,Weston,Jessie Laidlay
0000000080846129,12,Weston,Jessie Laidlay
0000000080846129,13,Weston,Jessie Laidlay
0000000080846129,14,Weston,Jessie Laidlay
0000000080846129,15,Weston,Jessie Laidlay
0000000510863851,1,Berkeley,Rose
0000000038732822,1,Davies,Margaret
0000000038732822,2,Davies,Margaret
0000000038732822,3,Davies,Margaret
0000000049361094,1,Lindsay,Harriet Loyd
0000000049361094,2,Harriet Loyd Lindsay,
0000000049361094,3,Wantage,Harriet Sarah Loyd-Lindsay
0000000049361094,4,Wantage,Harriet Sarah Loyd-Lindsay
0000000510941768,1,Lovett,Arden
0000000385645416,1,Climenson,Emily J.
0000000385645416,2,Climenson,Emily J.
0000000385645416,3,Climenson,Emily Jane
0000000510935595,1,Wickham,
000000006197503X,1,Mills,Mabel Helmer
000000006197503X,2,Mills,Mabel Helmer
0000000510870189,1,Jackson,
0000000395447237,1,Taylor,Margerie Venables
0000000395447237,2,Taylor,M.V.
0000000389938080,1,Cunnington,Maud
0000000389938080,2,Cunnington,Maud Edith
0000000510863827,1,Green,Mary
0000000510958842,1,Dickson,Isabel A.
0000000123211327,1,Sellers Strong,Eugenie
0000000123211327,3,Eugenie Sellers Strong,
0000000123211327,4,Sellers,Eugenie
0000000123211327,5,Strong,Eugenie
0000000123211327,6,Strong,Eugenie
0000000123211327,7,Strong,Eugenie
0000000123211327,8,Strong,Eugenie Sellers
0000000123211327,9,Strong,Eugenie Sellers
0000000123211327,10,Strong,Eugenie
0000000123211327,11,Strong,Eugenie
0000000123211327,12,Strong,Eugenie
0000000123211327,13,Strong,Eugenie
0000000123211327,14,Strong,Eugenie
0000000123211327,15,Strong,Eugenie
0000000510863640,1,Span,Emma Matilda
0000000443587147,1,Lockyer,Thomazine Mary Browne
0000000443587147,2,Lockyer,Thomazine Mary
0000000510922823,1,Anderson,Edith
000000051084487X,1,Greene,Miss
0000000510869903,1,Dunkin,Ellen Elizabeth
0000000510842540,1,Sworder,Clara E.
000000049115117X,1,Ramsay,Lucy
000000049115117X,2,Ramsay,Lucy
0000000510959423,1,Wherry,Beatrix Albina
0000000510848459,1,Colman,Ethel Mary
0000000109075939,1,Harrison,Jane Ellen
0000000109075939,2,Harrison,Jane Ellen
0000000109075939,3,Harrison,Jane Ellen
0000000109075939,4,Harrison,Jane Ellen
0000000109075939,5,Harrison,Jane Ellen
0000000109075939,6,Harrison,Jane Ellen
0000000109075939,7,Harrison,Jane Ellen
0000000109075939,8,Harrison,Jane Ellen
0000000109075939,9,Harrison,Jane Ellen
0000000109075939,10,Harrison,Jane Ellen
0000000109075939,11,Harrison,Jane Ellen
0000000109075939,12,Harrison,Jane Ellen
0000000109075939,13,Harrison,Jane
0000000109075939,14,Harrison,Jane
0000000109075939,15,Jane Ellen Harrison,
0000000109075939,16,Harrison,Jane Ellen
0000000109075939,17,Harrison,Jane Ellen
0000000051098328,1,Honeybourne,Marjorie B.
0000000051098328,2,Honeybourne,Marjorie Blanche
0000000051098328,3,Honeybourne,Marjorie Blanche
0000000510870146,1,Sopwith,Anne
0000000510938040,1,Layard,Ida Helen
0000000510941506,1,Congreve,Mary
0000000510918701,1,Smith,Albert
0000000027828503,1,Rawlins,Sophia W.
0000000027828503,2,Rawlins,Sophia Wyndham
0000000083861308,1,Murray,Margaret Alice
0000000083861308,2,Murray,M. A.
0000000083861308,3,Murray,Margaret Alice
0000000083861308,4,Murray,Margaret Alice
0000000083861308,5,Margaret Murray,
0000000083861308,6,Murray,Margaret Alice
0000000083861308,7,Murray,Margaret Alice
0000000083861308,8,Murray,Margaret Alice
0000000083861308,9,Murray,Margaret Alice
0000000083861308,10,Murray,Margaret Alice
0000000083861308,11,Murray,Margaret Alice
0000000083861308,12,Murray,Margaret Alice
0000000083861308,13,Murray,Margaret Alice
0000000083861308,14,Murray,Margaret Alice
0000000083861308,15,Murray,Margaret Alice
0000000083861308,16,Murray,Margaret Alice
0000000083861308,17,Мюррей,М. А
0000000083861308,18,Murray,Margaret Alice
0000000083861308,19,Murray,Margaret Alice
0000000510823155,1,Edleston,Alice
0000000510858518,1,Peggs,Ada Janet
0000000510967300,1,Dixon,E.
0000000510870162,1,Collinson,Mimi
0000000510868628,1,Wratislaw,Ursula
0000000510848715,1,Heynemann,Mabel Blundell
0000000510923623,1,Walker,Edith Mary
0000000510863376,1,Robinson,May
0000000510848694,1,Collinson,Margaret
0000000510921337,1,Smith,Sarah
0000000510879781,1,Williams,"Audrey, Mrs."
0000000510964986,1,Doyle,Alice F.
000000051094183X,1,Wedgwood,Amy
0000000510860896,1,Perry-Herrick,Sophia
0000000510847923,1,Saunders,Helen
0000000510922962,1,Findlay,Sybil
0000000076947787,1,Willmott,Ellen Ann
0000000076947787,2,Willmott,Ellen
0000000076947787,3,Ellen Ann Willmott,
0000000076947787,4,Willmott,E. A.
0000000076947787,5,Willmott,Ellen A.
0000000076947787,6,Willmott,Ellen Anne
0000000076947787,7,Willmott,Ellen
0000000076947787,8,Willmott,Ellen
0000000510845581,1,Westlake,
0000000510858016,1,Slee,Maria Jane
0000000510848977,1,Burton-Brown,Ethel Ann
0000000510959300,1,Cartwright,Minnie
0000000084838409,1,Bradley,Edith
0000000084838409,2,Bradley,Edith
0000000045009931,1,Macdonald,Louisa
0000000045009931,2,Louisa Macdonald,
0000000045009931,3,Macdonald,Louisa
0000000045009931,4,Macdonald,Louisa
0000000045009931,5,Macdonald,Louisa
0000000432089951,1,Thompson,Ethel Margaret
0000000432089951,2,Thompson,Ethel Margaret
0000000510934859,1,Young,Alison Nugent
000000051088285X,1,Dudley,Dorothy
0000000385731453,1,O'Neil,Helen
0000000385731453,2,O'Neil,Helen Evangeline
0000000385731453,3,O'Neil,Helen Evangeline
000000051096349X,1,Ffennell,Margaret Catherine
0000000049525888,1,Williams,Ethel Carleton
0000000049525888,2,Williams,Ethel Carleton
0000000049525888,3,Williams,Ethel Carleton
0000000049525888,4,Williams,Ethel Carleton
0000000049525888,5,Williams,Ethel Carleton
0000000510949049,1,Holmes,Mabelle
0000000510845485,1,Carter Bonham,Helen
0000000510963764,1,Latham,Charlotte
0000000510858665,1,Kellett,Jocelyn Eva
0000000510917936,1,Goddard,Hannah Lucy
0000000510917987,1,Hedges,
0000000510883940,1,Corser,Margaret
000000049987652X,1,Mason,Bertha
000000049987652X,2,Mason,Bertha
000000049987652X,3,Mason,Bertha
0000000510937275,1,Swann,Emma
0000000510918381,1,Foster,Mrs Johnston
0000000510918680,1,Clements,Helen J.
0000000510959749,1,Cra'ster,Barbara Marion
0000000510857988,1,Burn,Betty
0000000053232498,1,Esdaile,Katharine Ada
0000000053232498,2,Esdaile,Katharine A.
0000000053232498,3,Esdaile,Katharine Ada
0000000053232498,4,Esdaile,Katharine Ada
0000000053232498,5,Esdaile,Katharine Ada
0000000053232498,6,Katharine Ada Esdaile,
0000000510941485,1,Dawson,Mary Louisa
0000000510847974,1,Clarke,Kate M.
0000000510923244,1,Miss Vansittart,
0000000050000608,1,Buchheim,Emma
0000000050000608,2,Buchheim,E. S.
0000000050000608,3,Buchheim,E. S.
0000000050000608,4,Buchheim,E. S.
0000000042893549,1,Ware,H.
0000000042893549,2,Ware,Ellen K.
0000000510869508,1,Thwaites,Jeanette
0000000510883991,1,Pearson,Annie
0000000498092889,1,Chaworth Musters,Lina
0000000498092889,2,Chaworth Musters,
0000000510863691,1,Thomas,E.
0000000114756472,1,Whitelock,Dorothy
0000000114756472,2,Whitelock,Dorothy
0000000114756472,3,Whitelock,Dorothy
0000000114756472,4,Whitelock,Dorothy
0000000114756472,5,Dorothy Whitelock,
0000000114756472,6,Whitelock,Dorothy
0000000114756472,7,Whitelock,Dorothy
0000000114756472,8,Whitelock,Dorothy
0000000114756472,9,Whitelock,Dorothy
0000000114756472,10,Whitelock,Dorothy
0000000114756472,11,Whitelock,Dorothy
0000000114756472,12,Whitelock,Dorothy
0000000114756472,13,Whitelock,Dorothy
0000000114756472,14,Whitelock,Dorothy
0000000114756472,15,Whitelock,Dorothy
0000000510958818,1,Knight,Maude Caroline
0000000111087779,1,Martinengo-Cesaresco,Evelyn
0000000111087779,2,Martinengo-Cesaresco,Evelyn Countess
0000000111087779,3,Martinengo-Cesaresco,Evelyn
0000000111087779,4,Cesaresco,Evelyn Martinengo
0000000111087779,5,Evelyn Martinengo-Cesaresco,
0000000111087779,6,Martinengo Cesaresco,Evelina
0000000111087779,7,Martinengo Cesaresco,Evelina
0000000111087779,8,Martinengo Cesaresco,Evelyn
0000000111087779,9,Martinengo Cesaresco,Evelyn
0000000111087779,10,Martinengo-Cesaresco,Evelyn Lilian Hazeldine Carrington
0000000111087779,11,Martinengo-Cesaresco,Evelyn Lilian Hazeldine Carrington
0000000111087779,12,Martinengo-Cesaresco,Evelyn Lilian Hazeldine Carrington
0000000111087779,13,Martinengo-Cesaresco,Evelyn Lilian Hazeldine Carrington
0000000111087779,14,Martinengo-Cesaresco,Evelyn Lilian Hazeldine Carrington
0000000111087779,15,Martinengo-Cesaresco,Evelyn Lilian Hazeldine Carrington
0000000111087779,16,Martinengo-Cesaresco,Evelyn
0000000111087779,17,Martinengo Cesaresco,Evelyn
0000000117534891,1,McKisack,May
0000000117534891,2,McKisack,May
0000000117534891,3,McKisack,May
0000000117534891,4,MacKisack,May
0000000117534891,5,May McKisack,
0000000117534891,6,McKisack,May
0000000117534891,7,McKisack,May
0000000117534891,8,McKisack,May
0000000117534891,9,McKisack,May
0000000117534891,10,McKisack,May
0000000117534891,11,McKisack,May
0000000117534891,12,McKisack,May
0000000117534891,13,McKisack,May
0000000117534891,14,McKisack,May
0000000117534891,15,McKisack,May
0000000117534891,16,MacKisack,May
0000000139569075,1,Marks,Sarah
0000000139569075,2,Ayrton,Hertha
0000000139569075,3,Ayrton,Hertha
0000000139569075,4,Ayrton,Hertha
0000000139569075,5,Ayrton,Hertha
0000000139569075,6,Ayrton,Hertha
0000000139569075,7,Hertha Marks Ayrton,
000000051084874X,1,Clifford,Elise Margaret
0000000510958690,1,Kennedy,Louise
0000000066341239,1,Chapman,Annie Beatrice Wallis
0000000066341239,2,Chapman,A. Beatrice Wallis
0000000066341239,3,Chapman,A. Beatrice Wallis
0000000066341239,4,Chapman,A. Beatrice Wallis
0000000066341239,5,Chapman,A. Beatrice Wallis
0000000066341239,6,Chapman,A.B. Wallis
0000000066341239,7,Chapman,A. B. Wallis
0000000510941442,1,Allen,Emily Winifrid
0000000510883932,1,Charles,Ethel Mary
0000000510921396,1,Miss Pye,
0000000030732780,1,Taylor,Elizabeth
0000000030732780,2,Taylor,Elizabeth
0000000030732780,3,Elizabeth Taylor,
0000000030732780,4,Taylor,Elizabeth
0000000510868652,1,Davis,Joyce Jeffries
0000000080767850,1,Busk,Rachel Harriette
0000000080767850,2,Busk,Rachel Harriete
0000000080767850,3,Busk,Rachel Harriette
0000000080767850,4,Busk,Rachel Harriette
0000000080767850,5,Busk,Rachel Harriette
0000000080767850,6,Busk,Rachel Harriette
0000000080767850,7,Busk,Rachel Harriette
0000000080767850,8,Rachel Harriette Busk,
0000000080767850,9,Busk,Rachel Harriette
0000000080767850,10,Busk,R.H.
0000000510917952,1,Hammond,S. F.
0000000448569001,1,Redington,Matilda
0000000448569001,2,Redington,Matilda
0000000382207517,1,Stroud,Dorothy Nancy
0000000382207517,2,Stroud,Dorothy
0000000382207517,3,Stroud,Dorothy
0000000382207517,4,Stroud,Dorothy
0000000382207517,5,Stroud,Dorothy
0000000382207517,6,Stroud,Dorothy
0000000382207517,7,Stroud,Dorothy
0000000382207517,8,Stroud,Dorothy
0000000510964097,1,Collier,Blanche Frances
0000000510884038,1,Bulkeley-Owen,Fanny Mary Katherine
0000000510918402,1,Key,
0000000110447429,1,Major,Kathleen
0000000110447429,2,Major,Kathleen
0000000110447429,3,Major,Kathleen
0000000110447429,4,Major,Kathleen
0000000110447429,5,Major,Kathleen
0000000110447429,6,Major,Kathleen
0000000110447429,7,Major,Kathleen
0000000510959589,1,Jennings,Hermoine Louisa Fanny
0000000448877602,1,Davis,E. Jeffries
0000000448877602,2,Davis,E. Jeffries
0000000448877602,3,Davis,Eliza Jeffries
0000000510941899,1,Powley,Mary A.
0000000510848790,1,Ogier Ward,Emma Georgina Elizabeth
0000000510938104,1,Henderson,Edith
000000051091871X,1,Brown,A. T.
0000000428007343,1,Swinton,Blanche Arthur Georgina
0000000428007343,2,Swinton,Blanche Arthur Georgina
0000000510845573,1,Rowley-Morris,Agnes
0000000436592896,1,Tyssen-Amherst,Alicia
0000000436592896,2,Amherst,Alicia
0000000436592896,3,Cecil,Evelyn
0000000436592896,4,Rockley,Alicia Margaret Amherst Cecil 
0000000436592896,5,Cecil,Evelyn
0000000436592896,6,Cecil,Evelyn
0000000436592896,7,Cecil,Evelyn
0000000436592896,8,Cecil,Evelyn
0000000436592896,10,Rockley,
0000000071320117,1,Wherry,Albina Lucy Cust 
0000000071320117,2,Albinia Wherry,
0000000071320117,3,Wherry,Albinia
0000000510860263,1,Bell-Irving,Florence
0000000398018286,1,Kirk,Joan Radcliffe
0000000398018286,2,Clarke,J.R.
0000000049993358,1,Walker,Mary Adelaide
0000000049993358,2,Walker,Mary A
0000000049993358,3,Walker,Mary A.
0000000049993358,4,Walker,Mary Adelaide
0000000510848491,1,Middleton,Bella
0000000062995649,1,Graham,Rose
0000000062995649,2,Graham,Rose
0000000062995649,3,Graham,Rose
0000000062995649,4,Graham,Rose
0000000062995649,5,Graham,Rose
0000000062995649,6,Graham,Rose
0000000062995649,7,Graham,Rose
0000000062995649,8,Graham,Rose
0000000062995649,9,Rose Graham,
0000000062995649,10,Graham,Rose
0000000510848870,1,Wotten,Mabel E.
0000000116708503,1,Wood,Margaret Envys
0000000116708503,2,Wood,Margaret
0000000116708503,3,Wood,Margaret
0000000116708503,4,Wood,Margaret
0000000116708503,5,Wood,Margaret
0000000116708503,6,Wood,Margaret
0000000116708503,7,Wood,Margaret
0000000116708503,8,Wood,Margaret
0000000116708503,9,Wood,Margaret
0000000094002947,1,Benton,Sylvia
0000000094002947,2,Benton,Sylvia
0000000094002947,3,Sylvia Benton,
0000000108974430,1,Anderson,M.D.
0000000108974430,2,Anderson,M. D.
0000000108974430,3,Anderson,M. D.
0000000108974430,4,Anderson,M. D.
0000000108974430,5,Anderson,M. D.
0000000108974430,6,Anderson,M. D.
0000000108974430,7,Anderson,Mary Desiree
0000000108974430,8,Anderson,Mary Deśiree
0000000108974430,9,Anderson,Mary Desiree
0000000108974430,10,Anderson,Mary Desiree
0000000108974430,11,Anderson,Mary Deśiree
0000000108974430,12,Anderson,Mary Desiree
0000000500745392,1,Mulley,Jane
0000000500745392,2,Mulley,Jane
0000000510921329,1,Hope,Mary
0000000083439916,1,Gray,Elizabeth Caroline Hamilton
0000000083439916,2,Gray,Elizabeth Caroline
0000000083439916,3,Gray,Elizabeth Caroline Johnstone
0000000083439916,4,Gray,Elizabeth Caroline Johnstone
0000000083439916,5,Gray,Elizabeth Caroline Johnstone
0000000083439916,6,Gray,Elizabeth Caroline Johnstone
0000000083439916,7,Gray,Elizabeth Caroline Johnstone
0000000510959407,1,Auden,Henrietta Mary
0000000510858067,1,Bird,
0000000081455787,1,Seton-Williams,Marjory Veronica
0000000081455787,2,Seton-Williams,M. V.
0000000081455787,3,Seton-Williams,M. V.
0000000081455787,4,Seton-Williams,M. V.
0000000081455787,5,Seton-Williams,M.V.
0000000081455787,6,Seton-Williams,Marjory Veronica
0000000081455787,7,Seton-Williams,Marjory Veronica
0000000081455787,8,Veronica Seton-Williams,
0000000081455787,9,Seton-Williams,Marjory-Veronica
0000000081455787,10,Seton-Williams,M.V.
0000000368585984,1,Piggott,Peggy
0000000368585984,2,Piggott,Peggy
0000000368585984,3,Guido,Margaret
0000000368585984,4,Guido,Margaret
0000000368585984,5,Guido,Margaret
0000000368585984,6,Guido,Margaret
0000000368585984,7,Guido,Margaret
000000051088410X,1,Haddon,Miss
0000000061412368,1,Rose-Troup,Frances
0000000061412368,2,Rose-Troup,Frances
0000000061412368,3,Rose-Troup,Frances
0000000061412368,4,Rose-Troup,Frances
0000000490952215,1,Murray-Aynsley,Harriet Georgiana Maria
0000000490952215,2,Murray-Aynsley,Harriet Georgiana Maria
0000000510844239,1,Wetherall,Isabel
0000000044291218,1,Jones,Caroline Rachel
0000000044291218,2,Jones,Mrs Herbert
0000000081311572,1,Faraday,Lucy Winifred
0000000081311572,2,Faraday,Lucy Winifred
0000000081311572,3,Faraday,L. Winifred
0000000081311572,4,Faraday,L. Winifred
0000000081311572,5,Faraday,L.
0000000081311572,6,Faraday,Winifred
0000000081311572,7,Faraday,Winifred
0000000081311572,8,Lucy Winifred Faraday,
0000000045171728,1,Carey,Edith Frances
0000000045171728,2,Carey,Edith F.
0000000045171728,3,Carey,Edith F.
0000000510923121,1,Lee,Kate
0000000510864002,1,Cox,Constance Louise
0000000056902637,1,Longhurst,Margaret Helen
0000000056902637,2,Longhurst,Margaret H.
0000000056902637,3,Longhurst,Margaret Helen
0000000056902637,4,Longhurst,Margaret
0000000056902637,5,Margaret Longhurst,
0000000510935798,1,Radford,Ursula Mary
0000000109537697,1,Broadwood,Lucy E.
0000000109537697,2,Broadwood,Lucy E.
0000000109537697,3,Broadwood,Lucy Etheldred
0000000109537697,4,Broadwood,Lucy Etheldred
0000000109537697,5,Broadwood,Lucy Etheldred
0000000109537697,6,Broadwood,Lucy Etheldred
0000000109537697,7,Broadwood,Lucy Etheldred
0000000109537697,8,Broadwood,Lucy Etheldred
0000000109537697,9,Broadwood,Lucy Etheldred
0000000109537697,10,Broadwood,Lucy Etheldred
0000000109537697,11,Lucy Broadwood,
0000000109537697,12,Broadwood,Lucy Etheldred
0000000109537697,13,Broadwood,Lucy E.
0000000510858024,1,Forster,Eliza Ann
0000000510845629,1,Place,Anne Sophia
0000000510848969,1,Deane,Louisa Elizabeth
0000000497402195,1,Durham,Frances Hermia
0000000497402195,2,Durham,F. H
0000000510880141,1,Lega-Weekes,Ethel
0000000110208778,1,Toynbee,Jocelyn Mary Catherine
0000000110208778,2,Toynbee,Jocelyn M.C.
0000000110208778,3,Toynbee,J.M.C.
0000000110208778,4,Jocelyn Toynbee,
0000000110208778,5,Toynbee,J. M. C.
0000000110208778,6,Toynbee,J. M. C.
0000000110208778,7,Toynbee,J. M. C.
0000000110208778,8,Toynbee,J. M. C.
0000000110208778,9,Toynbee,J. M. C.
0000000110208778,10,Toynbee,J. M. C.
0000000110208778,11,Toynbee,Jocelyn M. C.
0000000110208778,12,Toynbee,Jocelyn Mary Catherine
0000000110208778,13,Toynbee,Jocelyn Mary Catherine
0000000110208778,14,Toynbee,Jocelyn Mary Catherine
0000000110208778,15,Toynbee,Jocelyn Mary Catherine
0000000110208778,16,Toynbee,J.M.C.
0000000110208778,17,Toynbee,J. M. C.
0000000385517123,1,De Cardi,Beatrice
0000000385517123,2,Beatrice De Cardi,
0000000385517123,3,De Cardi,B.
0000000385517123,4,De Cardi,Beatrice
0000000385517123,5,De Cardi,Beatrice
0000000385517123,6,De Cardi,Beatrice
0000000385517123,7,دي كاردي، بياتريس،,
0000000385517123,8,De Cardi,Beatrice
0000000385517123,9,De Cardi,Beatrice
0000000510967394,1,Holden,Evelyn Mary
0000000116773129,1,Brogan,Olwen
0000000116773129,2,Hackett,Olwen
0000000116773129,3,Hackett,Olwen
0000000116773129,4,Hackett,Olwen
0000000116773129,5,Hackett,Olwen
0000000116773129,6,Hackett,Olwen
0000000116773129,7,Brogan,Olwen
0000000116773129,8,Brogan,Olwen
0000000116773129,9,Hackett,Olwen
000000051084567X,1,Bazeley,Margaret Ley
0000000510923236,1,Mrs Everett,
0000000510867094,1,Pritchard,Edith M.
0000000444619569,1,Cecil,Mary Rothes Margaret 
0000000444619569,2,Amherst,Mary Rothes Margaret Tyssen-Amherst Cecil
0000000444619569,3,Amherst,Mary Rothes Margaret
0000000444619569,4,Mary Rothes Margaret Cecil,Baroness Amherst of Hackney
000000008199334X,1,Williams,Jane
000000008199334X,2,Williams,Jane
000000008199334X,3,Williams,Jane
000000008199334X,4,Jane Williams,
000000008199334X,5,Williams,Jane
000000008199334X,6,Williams,Jane
000000008199334X,7,Williams,Jane
000000008199334X,8,Williams,Jane
000000008199334X,9,Williams,Jane
000000051088330X,1,Silver,
0000000122811689,1,Gibson,Margaret Dunlop
0000000122811689,2,Gibson,Margaret Dunlop
0000000122811689,3,Ghibsūn,Mārgharịtā Danlab
0000000122811689,4,Gibson,Margaret D.
0000000122811689,5,Gibson,Margaret Dunlop
0000000122811689,6,Gibson,Margaret Dunlop
0000000122811689,7,Gibson,Margaret Dunlop
0000000122811689,8,Gibson,Margaret Dunlop
0000000122811689,9,Gibson,Margaret Dunlop
0000000122811689,10,Gibson,Margaret Dunlop
0000000122811689,11,Gibson,Margaret Dunlop
0000000122811689,12,Margaret Dunlop Gibson,
0000000122811689,13,ܓܒܣܢ,ܡܪܓܪܝܬ
0000000122811689,14,Gibson,Margaret Dunlop
0000000122811689,15,Gibson,Margaret Dunlop
0000000510941776,1,Matcham,Mary Harriet Eyre
0000000397615855,1,Lathbury Evans,Maria Millington
0000000397615855,2,Evans,Maria Millington
0000000397615855,3,Evans,Maria Millington
0000000397615855,4,Evans,Maria Millington Lathbury
0000000397615855,5,Lathbury,Maria Millington
0000000510936053,1,Eyre,Lucy Margaret
0000000073638401,1,Batty,Beatrice
0000000073638401,2,Batty,Beatrice
0000000073638401,3,Batty,Beatrice
0000000073638401,4,Batty,Beatrice
0000000073638401,5,Batty,Beatrice
0000000510918074,1,Ward,Louisa Anne
0000000510883457,1,Mason,
0000000510845602,1,Lupton,Mary G.
0000000060023328,1,Wake,Joan
0000000060023328,2,Wake,Joan
0000000083427288,1,Jamison,Evelyn Mary
0000000083427288,2,Jamison,Evelyn Mary
0000000083427288,3,Evelyn Jamison,
0000000083427288,4,Jamison,Evelyn M.
0000000083427288,5,Jamison,Evelyn M.
0000000083427288,6,Jamison,Evelyn M.
0000000083427288,7,Jamison,Evelyn M.
0000000083427288,8,Jamison,Evelyn M.
0000000083427288,9,Jamison,Evelyn M.
0000000083427288,10,Jamison,Evelyn M.
0000000083427288,11,Jamison,Evelyn
0000000510867414,1,Walker,Kathleen
0000000397510375,1,Sellers,Maud
0000000397510375,2,Sellers,Maud
0000000397510375,3,Sellers,Maud
0000000510883473,1,Tatlock,Harriet Helen
0000000510860095,1,Grenfell,Alice
0000000510918736,1,Cobb,Monica
0000000120326874,1,Davidson,Hilda Roderick Ellis
0000000120326874,2,Davidson,Hilda Roderick Ellis
0000000120326874,3,Davidson,H.R. Ellis
0000000120326874,4,Davidson,Hilda Roderick Ellis
0000000120326874,5,Davidson,H. R. Ellis
0000000120326874,6,Davidson,H. R. Ellis
0000000120326874,7,Davidson,H.R. Ellis
0000000120326874,8,Davidson,Hilda Ellis
0000000120326874,9,Davidson,Hilda Ellis
0000000120326874,10,Davidson,Hilda Roderick Ellis
0000000120326874,11,Davidson,Hilda Roderick Ellis
0000000120326874,12,Davidson,Hilda Roderick Ellis
0000000120326874,13,Davidson,Hilda Roderick Ellis
0000000120326874,14,Davidson,Hilda Roderick Ellis
0000000120326874,15,Davidson,Hilda Roderick Ellis
0000000120326874,16,Davidson,Hilda Roderick Ellis
0000000120326874,17,Davidson,Hilda Roderick Ellis
0000000120326874,18,Davidson,H. R. Ellis
0000000120326874,19,Hilda Ellis Davidson,
0000000120326874,20,Davidson,Hilda Roderick Ellis
0000000120326874,21,Davidson,H.R. Ellis
0000000120326874,22,Davidson,Hilda Ellis
0000000116213578,1,Hull,Eleanor Henrietta
0000000116213578,2,Hull,Eleanor
0000000116213578,3,Hull,Eleanor
0000000116213578,4,Hull,Eleanor
0000000116213578,5,Eleanor Hull,
0000000116213578,6,Hull,Eleanor
0000000116213578,7,Hull,Eleanor
0000000116213578,8,Hull,Eleanor
0000000116213578,9,Hull,Eleanor
0000000116213578,10,Hull,Eleanor
0000000116213578,11,Hull,Eleanor
0000000116213578,12,Hull,Eleanor
0000000510869647,1,Stokes,
000000048662637X,1,Hinde,Hildegarde Beatrice
000000048662637X,2,Hinde,Hildegarde
0000000383619839,1,Keate,E. M.
0000000383619839,2,Keate,Edith Murray
0000000383619839,3,Keate,Edith Murray
0000000383619839,4,Keate,Edith Murray
0000000510884142,1,Hulme,Annie E.
0000000510917709,1,Grant,Rosalie
0000000510858462,1,Power,Mrs Edward
0000000108974262,1,Petter,Helen Mary
0000000108974262,2,Petter,Helen Mary
0000000108974262,3,Petter,Helen Mary
0000000108974262,4,Petter,Helen Mary
0000000108974262,5,Petter,Helen Mary
0000000108974262,6,Petter,Helen Mary
0000000510938024,1,Layard,Florence Louisa
0000000510963852,1,Miss Allen,
0000000510842508,1,Price,Annie E.
000000044881920X,1,Mackellar,Mary
000000044881920X,2,Mackellar,Mary Cameron
000000044881920X,3,Mary Mackellar,
0000000038999738,1,Stebbing,Grace
0000000038999738,2,Stebbing,Grace
0000000083443069,1,Schreiber,Charlotte
0000000083443069,2,Guest,Charlotte
0000000083443069,3,Guest,Charlotte
0000000083443069,4,Lady Charlotte Elizabeth Guest,
0000000083443069,5,Schreiber,Charlotte Elizabeth
0000000083443069,6,Schreiber,Charlotte Elizabeth Bertie Guest
0000000083443069,7,Schreiber,Charlotte
0000000083443069,8,Schreiber,Charlotte
0000000083443069,9,Schreiber,Charlotte
0000000083443069,10,Schreiber,Charlotte Lady
0000000083443069,11,Schreiber,Charlotte
0000000083443069,12,Schreiber,Charlotte
0000000083443069,13,Schreiber,Charlotte
0000000083443069,14,Schreiber,Charlotte
0000000083443069,15,Guest,Charlotte
0000000510823083,1,Blair,
0000000510844327,1,Knowles,Josephine
000000051091791X,1,Chapman,Agnes
0000000067009318,1,Tufnell,Olga
0000000067009318,2,Tufnell,Olga
0000000067009318,3,Olga Tufnell,
0000000067009318,4,Tufnell,Olga
0000000067009318,5,Tufnell,Olga
0000000067009318,6,Tufnell,Olga
0000000067009318,7,Tufnell,Olga
0000000067009318,8,Tufnell,Olga
0000000067009318,9,Tufnell,Olga
0000000067009318,10,Tufnell,Olga
0000000082513061,1,Godber,Amy Joyce
0000000082513061,2,Godber,Joyce
0000000082513061,3,Godber,Joyce
0000000510858382,1,Kingdon,
0000000510866841,1,Hansard,Winifred
0000000440945009,1,Chambrier,Marie de
0000000440945009,2,Chambrier,Marie de
0000000510858112,1,Nichols,Emily Mary
000000044879468X,1,Abram,Annie
000000044879468X,2,Abram,A.
000000044879468X,3,Annie Abram,
0000000510863990,1,Berkeley,
0000000110252496,1,Whinney,Margaret Dickens
0000000110252496,2,Whinney,Margaret
0000000110252496,3,Margaret Whinney,
0000000110252496,4,Whinney,Margaret
0000000110252496,5,Whinney,Margaret Dickens
0000000110252496,6,Whinney,Margaret Dickens
0000000110252496,7,Whinney,Margaret Dickens
0000000110252496,8,Whinney,Margaret Dickens
0000000110252496,9,Whinney,Margaret Dickens
0000000110252496,10,Whinney,Margaret
0000000110252496,11,Whinney,Margaret
0000000110252496,12,Whinney,Margaret
0000000510863819,1,Jeddere-Fisher,Emma
0000000397925853,1,Collyer,Adelaide Martha
0000000397925853,2,Collyer,Adelaide D'Arcy
0000000397925853,3,Collyer,Adelaide D'Arey
0000000510934787,1,Noble,Mary E.
000000051093746X,1,Clark,Jane
0000000059031558,1,Stokes,Ethel
0000000059031558,2,Stokes,Ethel
0000000059031558,3,Stokes,Ethel
0000000059031558,4,Stokes,Ethel
0000000510832481,1,Senhouse,Rose Mary Le Fleming
0000000081423515,1,Stokes,Margaret
0000000081423515,2,Stokes,Margaret
0000000081423515,3,Margaret Stokes,
0000000081423515,4,Stokes,Margaret MacNair
0000000081423515,5,Stokes,Margaret MacNair
0000000081423515,6,Stokes,Margaret
0000000081423515,7,Stokes,Margaret
0000000081423515,8,Stokes,Margaret
0000000081423515,9,Stokes,Margaret
0000000081423515,10,Stokes,Margaret
0000000510860474,1,Crewdson,Gwendolen
0000000081470071,1,Fry,Katharine
0000000081470071,2,Fry,Katharine
0000000081470071,3,Fry,Katharine
0000000081470071,4,Fry,Katharine
0000000081470071,5,Fry,Katharine
0000000063154710,1,Coleridge,Christabel Rose
0000000063154710,2,Christabel Rose Coleridge,
0000000063154710,3,Coleridge,Christabel R.
0000000063154710,4,Coleridge,Christabel R.
0000000063154710,5,Coleridge,Christabel R.
0000000063154710,6,Coleridge,Christabel Rose
0000000063154710,7,Coleridge,Christabel
0000000510967415,1,Lady cataloguer,
0000000510922997,1,Scourfield,Francesca
0000000510842524,1,Johnstone,Grace
0000000510883545,1,Leonard,Georgia Louise
0000000063008414,1,Harris,Mary Dormer
0000000063008414,2,Harris,Mary Dormer
0000000063008414,3,Harris,Mary Dormer
0000000063008414,4,Harris,Mary Dormer
0000000063008414,5,Harris,Mary Dormer
0000000063008414,6,Harris,Mary Dormer
0000000063008414,7,Harris,Mary Dormer
0000000063008414,8,Harris,Mary Dormer
0000000510866884,1,Willoughby,"Eliza Maria, Lady Middleton"
0000000510863915,1,Magnusson,Sigríður
0000000065709599,1,Weld,Agnes Grace
0000000065709599,2,Weld,Agnes Grace
0000000082380705,1,Mothersole,Jessie
0000000082380705,2,Mothersole,Jessie
0000000082380705,3,Mothersole,Jessie
0000000082380705,4,Mothersole,Jessie
0000000082380705,5,Mothersole,Jessie
0000000082380705,6,Mothersole,Jessie
0000000082380705,7,Mothersole,Jessie
0000000510964492,1,Ramsay,Margaret
0000000510936061,1,Sefton-Jones,Margaret
0000000140877219,1,Morrison,Mabel
0000000140877219,2,Morrison,Mabel
0000000510937531,1,Herbert,Florentia Caroline
0000000416724062,1,Murray,Frances
0000000416724062,2,F. M,
0000000510964978,1,Beeby,Eleanor M.
0000000510845733,1,Minet,Alice
0000000510857654,1,Baker,Cecily M.
0000000510884070,1,Frere,E. C.
0000000510880125,1,Peacock,Florence
0000000510869671,1,Welby,Frances
0000000510868695,1,Cornford,Margaret
0000000498661252,1,Greg,Mary Hope
0000000498661252,2,Greg,Mary
0000000080968759,1,Bell,Gertrude
0000000080968759,2,Bell,Gertrude
0000000080968759,3,Bell,Gertrude Lowthian
0000000080968759,4,Bell,Gertrude Lowthian
0000000080968759,5,Bell,Gertrude Lowthian
0000000080968759,6,Bell,Gertrude Lowthian
0000000080968759,7,Bell,Gertrude Lowthian
0000000080968759,8,Bell,Gertrude Lowthian
0000000080968759,9,Bell,Gertrude Lowthian
0000000080968759,10,Bell,Gertrude Lowthian
0000000080968759,11,Bell,Gertrude Lowthian
0000000080968759,12,Bell,Gertrude Lowthian
0000000080968759,13,Bell,Gertrude Margaret Lowthian
0000000080968759,14,Bell,Gertrude
0000000080968759,15,Bell,Gertrude
0000000080968759,16,Gertrude Bell,
0000000080968759,17,Bell,Gertrude Lowthian
0000000080968759,18,Bell,Gertrude
0000000080968759,19,Bell,Gertrude Lowthian
0000000450177250,1,Prideaux,Edith K.
0000000450177250,2,Prideaux,Edith K.
0000000510845784,1,Baker,
0000000510941725,1,Mee,Alice Anne
0000000510857515,1,Binns,Joyce
0000000510866796,1,Moore,Elsie Matley
0000000063078527,1,Cotton,Molly
0000000063078527,2,Cotton,Mary Aylwin
0000000063078527,3,Cotton,Molly Aylwin
0000000063078527,4,Cotton,M. Aylwin
0000000063078527,5,Cotton,M. Aylwin
0000000063078527,6,Cotton,M. Aylwin
0000000510941995,1,Wood,Christina S.
0000000049187946,1,Poole,Rachael
0000000049187946,2,Poole,Rachael Emily
0000000049187946,3,Poole,Rachael
0000000049187946,4,Poole,Rachael
0000000049187946,5,Poole,Rachael
0000000049187946,6,Rachael Poole,
0000000510883270,1,Day,E. B.
0000000510848360,1,Stopford-Sackville,Edith Frances
000000051093551X,1,O'Grady,Frances Arabella
000000050445607X,1,Andrews,Emily J.
000000050445607X,2,Harding,Emily
0000000070983437,1,Cox,Marian Roalfe
0000000070983437,2,Cox,Marian Emily Roalfe
0000000070983437,3,Cox,Marian Roalfe
0000000070983437,4,Cox,Marian Roalfe
0000000070983437,5,Cox,Marian Roalfe
0000000070983437,6,Cox,Marian Roalfe
0000000070983437,7,Marian Roalfe Cox,
0000000070983437,8,Cox,M.R.
0000000510863835,1,Ewart,Mary Anne
0000000078806857,1,Dobson,Dina Portway
0000000078806857,2,Dobson,Dina Portway
0000000078806857,3,Dobson,Dina Portway
0000000510950074,1,Keary,Alice Annie
0000000510867385,1,Tysack,
0000000510845522,1,Long,Margaret C.
0000000510941717,1,Stevenson,Mary L.
0000000510858278,1,Knight,
0000000510967108,1,Gosset,Mary Harriet
0000000121443562,1,Victoria,
0000000121443562,2,Queen Victoria,
0000000121443562,3,Victoria,
0000000121443562,4,Victoria,
0000000121443562,5,Victoria,
0000000121443562,6,Queen Victoria,
0000000121443562,7,Victoria I,
0000000121443562,8,Victoria,
0000000121443562,9,Victoria,
0000000121443562,10,Victoria,Queen of Great Britain
0000000121443562,11,Victoria,Queen of Great Britain
0000000121443562,12,Victoria,
0000000121443562,13,Victoria,
0000000121443562,14,Victoria,
0000000121443562,15,Victoria,
0000000121443562,16,Victoria,
0000000121443562,17,Victoria,
0000000121443562,18,Victoria,
0000000121443562,19,Victoria,
0000000121443562,21,Viktoria,
0000000121443562,22,Viktoria,
0000000121443562,23,Viktoria,
0000000121443562,24,Viktorie,
0000000121443562,25,Wiktoria,
0000000121443562,26,Wiktoria,
0000000121443562,27,Victoria,
0000000121443562,28,Victoria,
0000000080322608,1,Rivett-Carnac,Marion
0000000080322608,2,Rivett-Carnac,Marion
0000000510848854,1,Hodgson,Katherine Sophia
0000000385049980,1,Curle,C. L.
0000000385049980,2,Curle,Cecil Louisa
0000000385049980,3,Curle,C. L.
0000000385049980,4,Curle,C. L.
0000000385049980,5,Curle,C.L.
0000000385049980,6,Curle,C.
0000000385049980,7,Curle,C.
0000000510958789,1,Cameron,Morag
0000000121468081,1,Hawkes,Jacquetta
0000000121468081,2,Hawkes,Jacquetta
0000000121468081,3,Hawkes,Jacquetta
0000000121468081,4,Hawkes,Jacquetta
0000000121468081,5,Hawkes,Jacquetta Hopkins
0000000121468081,6,Hawkes,Jacquetta
0000000121468081,7,Hawkes,Jacquetta Hopkins
0000000121468081,8,Hawkes,Jacquetta Hopkins
0000000121468081,9,Hawkes,Jacquetta
0000000121468081,10,Hawkes,Jacquetta
0000000121468081,11,Hawkes,Jacquetta Hopkins
0000000121468081,12,هاوكس، ج.،,
0000000121468081,13,Hawkes,Jacquetta
0000000121468081,14,Hawkes,Jacquetta
0000000121468081,15,HAWKES,Jacquetta
0000000121468081,16,Hawkes,Jacquetta
0000000121468081,17,Hawkes,Jacquetta
0000000510941944,1,Helyar,Theodora
0000000510937021,1,Jervis,Martha
0000000448906952,1,Knowles,Matilda Cullen
0000000448906952,2,Knowles,Matilda C.
0000000448906952,3,Matilda Cullen Knowles,
000000051085818X,1,Baldwinson,Mrs George
000000011027584X,1,Kenyon,Kathleen
000000011027584X,2,Kenyon,Kathleen M.
000000011027584X,3,Kathleen Kenyon,
000000011027584X,4,Kenyon,Kathleen M.
000000011027584X,5,Kenyon,Kathleen Mary
000000011027584X,6,Kenyon,Kathleen Mary
000000011027584X,7,Kenyon,Kathleen Mary
000000011027584X,8,Kenyon,Kathleen Mary
000000011027584X,9,Kenyon,Kathleen Mary
000000011027584X,10,Kenyon,Kathleen Mary
000000011027584X,11,Kenyon,Kathleen Mary
000000011027584X,12,Kenyon,Kathleen Mary
000000011027584X,13,Kenyon,Kathleen Mary
000000011027584X,14,Kenyon,Kathleen Mary
000000011027584X,15,Kenyon,Kathleen Mary
0000000510923228,1,Wilson,Jane
0000000510823171,1,Whitley,Margaret
0000000510848651,1,White,Rachel Evelyn
0000000083799233,1,Kemp-Welch,Alice
0000000083799233,2,Kemp-Welch,Alice
0000000083799233,3,Kemp-Welch,Alice
0000000083799233,4,Kemp-Welch,Alice
0000000083799233,5,Kemp-Welch,Alice
0000000083799233,6,Kemp-Welch,Alice
0000000083799233,7,Kemp-Welch,Alice
0000000510869663,1,Hartshorne,Emily Sophia
0000000510860431,1,Marcen,
000000051088322X,1,Peck,
0000000510923607,1,Greene,Dorothy
0000000081281086,1,Simcox,Edith Jemima
0000000081281086,2,Simcox,Edith Jemima
0000000081281086,3,Edith Simcox,
0000000081281086,4,Simcox,E. J.
0000000081281086,5,Simcox,E. J.
0000000081281086,6,Simcox,E. J.
0000000081281086,7,Simcox,Edith J.
0000000081281086,8,Simcox,Edith Jemima
0000000081281086,9,Simcox,Edith Jemima
0000000081281086,10,Simcox,Edith Jemima
0000000081281086,11,Simcox,Edith J.
0000000510842487,1,Dyson,J.
0000000510870170,1,Peckover,Susannah
0000000510918672,1,Jackson,Hannah Gwilt
0000000398037583,1,Parkes,Joan
0000000398037583,2,Parkes,Joan
0000000398037583,3,Parkes,Joan
0000000398037583,4,Parkes,Joan
0000000510937558,1,Perry,Mary P.
0000000067751977,1,Shillington,Violet Mary
0000000067751977,2,Shillington,V. M.
0000000067751977,3,Shillington,V. M.
0000000067751977,4,Shillington,Violet Mary
0000000510845450,1,Spiers,
000000051092292X,1,Terrell,Irene
0000000061508650,1,Churchill,Irene Josephine
0000000061508650,2,Churchill,Irene Josephine
0000000061508650,3,Churchill,Irene Josephine
0000000061508650,4,Churchill,Irene Josephine
0000000061508650,5,Churchill,Irene Josephine
0000000061508650,6,Churchill,Irene Josephine
0000000510866729,1,Morgan,Gwenllian Elizabeth Fanny
0000000048794955,1,Verney,Margaret Maria
0000000048794955,2,Margaret Verney,
0000000048794955,3,Verney,Margaret Maria Williams-Hay
0000000048794955,4,Verney,Margaret Maria
0000000048794955,5,Verney,Margaret Maria
0000000048794955,6,Hay Williams,Margaret Maria
000000012276275X,1,Kingsley,Mary Henrietta
000000012276275X,2,Kingsley,Mary H.
000000012276275X,3,Kingsley,Mary Henrietta
000000012276275X,4,Kingsley,Mary
000000012276275X,5,Kingsley,Mary Henrietta
000000012276275X,6,Kingsley,Mary Henrietta
000000012276275X,7,Kingsley,Mary Henrietta
000000012276275X,8,Kingsley,Mary Henrietta
000000012276275X,9,Kingsley,Mary Henrietta
000000012276275X,10,Kingsley,Mary Henrietta
000000012276275X,11,Kingsley,Mary Henrietta
000000012276275X,12,Kingsley,Mary Henrietta
000000012276275X,13,Kingsley,Mary Henrietta
000000012276275X,14,Kingsley,Mary Henrietta
000000012276275X,15,Kingsley,Mary Henrietta
000000012276275X,16,Kingsley,Mary
000000012276275X,17,Mary Kingsley,
000000012276275X,18,Kingsley,Mary Henrietta
000000012276275X,19,Kingsley,Mary
0000000510883422,1,Goodison,Anne
0000000510848643,1,Ramsey,Agnes
0000000433512651,1,Conway,Agnes Ethel
0000000433512651,2,Conway,Agnes Ethel
0000000433512651,3,Conway,Agnes Ethel
000000051084583X,1,Perceval,Mary Ellen Vere
0000000510922866,1,Frost,Marian
0000000084270024,1,Goodrich-Freer,Ada
0000000084270024,2,Goodrich-Freer,A.
0000000084270024,3,Ada Goodrich-Freer,
0000000084270024,4,Goodrich-Freer,A.
0000000084270024,5,Goodrich-Freer,A.
0000000084270024,6,Goodrich-Freer,Ada
0000000084270024,7,Goodrich-Freer,Adela M.
0000000510966746,1,Hogg,M. A.
0000000510918496,1,Liddell,Dorothy Mary
0000000510867318,1,Tilley,Edith
0000000050587111,1,Meakin,Annette Mary Budgett
0000000050587111,2,Annette Mary Budgett Meakin,
0000000050587111,3,Meakin,Annette M. B
0000000050587111,4,Meakin,Annette M. B.
0000000050587111,5,Meakin,Annette M. B.
0000000050587111,6,Meakin,Annette M. B.
0000000050587111,7,Meakin,Annette M. B.
0000000050587111,8,Meakin,Annette M.B.
0000000510863712,1,Hale-Hilton,Sophia Letitia
0000000510967095,1,Kennedy,Anne
0000000510959802,1,Harrison,Marian Chilton
0000000510866921,1,Roper,Ida Mary
0000000510867182,1,Nixon,Olive
0000000510934453,1,Threipland,Margaret Eleanore Murray
0000000069202832,1,Marcouse,Renee
0000000069202832,2,Marcouse,Renee
0000000069202832,3,Marcouse,Renee
0000000069202832,4,Marcouse,Renee
0000000069202832,5,Marcouse,Renee
0000000069202832,6,Marcouse,Renee
0000000069202832,7,Marcouse,Renee
0000000069202832,8,Marcouse,Renee
0000000067090857,1,Ffarington,Susan Maria
0000000067090857,2,Ffarington,Susan Maria
0000000067090857,3,Ffarington,Susan Maria
0000000067090857,4,Ffarington,Susan Maria
0000000067090857,5,Ffarington,Susan Maria
0000000067090857,6,Ffarington,Susan Maria
0000000067090857,7,Susan Maria Ffarington,
0000000448191627,1,Tyssen-Amherst,Margaret Susan
0000000448191627,2,Amherst,Margaret Susan Mitford
0000000111933939,1,Tirard,Helen Mary
0000000111933939,2,Helen Mary Tirard,
0000000111933939,3,Tirard,H. M.
0000000111933939,4,Tirard,Helen Mary
0000000081229288,1,Scott-Thomson,Gladys
0000000081229288,2,Thomson,Gladys Scott
0000000081229288,3,Thomson,Gladys Scott
0000000081229288,4,Thomson,Gladys Scott
0000000081229288,5,Scott Thomson,Gladys
0000000081229288,6,Thomson,Gladys Scott
0000000081229288,7,Thomson,Gladys Scott
0000000081229288,8,Thomson,Gladys Scott
0000000081229288,9,Thomson,Gladys Scott
0000000081229288,10,Thomson,Gladys Scott
0000000081229288,11,Thomson,Gladys Scott
0000000510963182,1,Engholm,Alice
0000000510860546,1,Weston,
0000000510938139,1,Welch,Margery Katherine
0000000049122819,1,Bethell,Augusta
0000000049122819,2,Bethell,Augusta
0000000510857582,1,Garbett,Henrietta Lucy Elizabeth
0000000117455712,1,Eates,Margot
0000000117455712,2,Eates,Margot
0000000117455712,3,Eates,Margot
0000000117455712,4,Eates,Margot
0000000117455712,5,Eates,Margot
0000000510870330,1,Thompson,W. J.
0000000510860933,1,Radford,Emma Louisa
000000003743943X,1,Kingsford,Florence
000000003743943X,2,Cockerell,Florence Kingsford
000000003743943X,3,Florence Kate Kingsford,
000000003743943X,4,Kingsford,F.
000000003743943X,5,Kingsford,Florence Kate
0000000077471071,1,Coulson,Constance J. D.
0000000077471071,2,Coulson,Constance J. D.
0000000510884126,1,Tanner,Ellen Mary
0000000071995704,1,Clarke,Maude Violet
0000000071995704,2,Clarke,Maude Violet
0000000071995704,3,Clarke,Maude Violet
0000000071995704,4,Clarke,M. V.
0000000071995704,5,Clarke,M. V.
0000000071995704,6,Clarke,Maude V.
0000000071995704,7,Clarke,Maude Violet
0000000071995704,8,Clarke,Maude Violet
0000000071995704,9,Clarke,Maude Violet
0000000071995704,10,Maude Clarke,
0000000510963959,1,Mawr,Emma B.
0000000115646080,1,Hill,Rosalind Mary Theodosia
0000000115646080,2,Hill,Rosalind M.T.
0000000115646080,3,Hill,Rosalind Mary Theodosia
0000000115646080,4,Hill,Rosalind M. T.
0000000115646080,5,Hill,Rosalind M. T.
0000000115646080,6,Hill,Rosalind M. T.
0000000115646080,7,Hill,Rosalind M. T.
0000000115646080,8,Hill,Rosalind M. T.
0000000115646080,9,Hill,Rosalind M. T.
0000000115646080,10,Hill,Rosalind M.T.
0000000115646080,11,Hill,Rosalind Mary Theodosia
0000000115646080,12,Rosalind Hill,
0000000081113058,1,Werner,Alice
0000000081113058,2,Werner,A.
0000000081113058,3,Werner,Alice
0000000081113058,4,Werner,Alice
0000000081113058,5,Alice Werner,
0000000081113058,6,Werner,Alice
0000000081113058,7,Werner,Alice
0000000081113058,8,Werner,Alice
0000000081113058,9,Werner,Alice
0000000081113058,10,Werner,Alice
0000000081113058,11,Werner,Alice
0000000081113058,12,Werner,Alice
0000000081113058,13,Werner,Alice
0000000081113058,14,Werner,Alice
0000000434865731,1,Edmonds,Elisabeth Mayhew
0000000434865731,2,Edmonds,Elisabeth Mayhew
0000000434865731,3,Edmonds,Elizabeth Mayhew
0000000096500042,1,Lomas,Sophia Crawford
0000000096500042,2,Lomas,S. C.
0000000096500042,3,Lomas,S. C.
0000000096500042,4,Lomas,S. C.
0000000096500042,5,Lomas,Sophia C.
0000000096500042,6,Lomas,Sophia Crawford
0000000096500042,7,Lomas,Sophia Crawford
0000000122135369,1,Garrett,Rhoda
0000000122135369,2,Garrett,Rhoda
0000000122135369,3,Garrett,Rhoda
0000000122135369,4,Garrett,Rhoda
0000000122135369,5,Garrett,Rhoda
0000000510883609,1,Tribe,
0000000510937590,1,Birch,Janet Elizabeth
0000000385417069,1,Gutch,Eliza Hutchinson
0000000385417069,2,Eliza Gutch,
0000000385417069,3,Gutch,
0000000118907995,1,Hasluck,Margaret
0000000118907995,2,Hasluck,Margaret M.
0000000118907995,3,Hasluck,Margaret Masson Hardie
0000000118907995,4,Hasluck,Margaret Masson Hardie
0000000118907995,5,Hasluck,Margaret Masson Hardie
0000000118907995,6,Hasluck,Margaret Masson Hardie
0000000118907995,7,Margaret Hasluck,
0000000118907995,8,Hasluck,Margaret Masson Hardie
0000000510867297,1,Bateson,Elizabeth
0000000122090359,1,Morris,Jane
0000000122090359,2,Jane Morris,
0000000122090359,3,Morris,Jane Burden
0000000122090359,4,Morris,Jane Burden
0000000122090359,5,Morris,Jane Burden
0000000122090359,6,Morris,Jane Burden
0000000122090359,7,Morris,Jane
0000000122090359,8,Morris,Jane
0000000122090359,9,Morris,Jane
0000000122090359,10,Morris,Jane
0000000108945496,1,Liversidge,Joan Eileen Annie
0000000108945496,2,Liversidge,Joan
0000000108945496,3,Liversidge,Joan
0000000108945496,4,Liversidge,Joan
0000000108945496,5,Liversidge,Joan
0000000108945496,6,Liversidge,Joan
0000000108945496,7,Liversidge,Joan
0000000083388565,1,Richter,Gisela Marie Augusta
0000000083388565,2,Richter,Gisela M.A.
0000000083388565,3,Richter,Gisela M. A
0000000083388565,4,Richter,Gisela M. A.
0000000083388565,5,Gisela Richter,
0000000083388565,6,Richter,Gisela M. A.
0000000083388565,7,Richter,Gisela M. A.
0000000083388565,8,Richter,Gisela Marie Augusta
0000000083388565,9,Richter,Gisela Marie Augusta
0000000083388565,10,Richter,Gisela Marie Augusta
0000000083388565,11,Richter,Gisela Marie Augusta
0000000083388565,12,Richter,Gisela Marie Augusta
0000000083388565,13,Richter,Gisela Marie Augusta
0000000083388565,14,Richter,Gisela Marie Augusta
0000000083388565,15,Richter,Gisela Marie Augusta
0000000083388565,16,Richter,Gisela Marie Augusta
0000000083388565,17,Richter,Gisela Marie Augusta
0000000083388565,18,Richter,Gisela Marie Augusta
0000000083388565,19,Richter,Gisela Maria Augusta
0000000083388565,20,Richter,Gisela M.A.
0000000083388565,21,Richter,Gisela Marie Augusta
0000000041120202,1,Roper,Anne
0000000041120202,2,Roper,Anne
0000000510844407,1,Pyne,Kate Lawless
000000051085826X,1,Hugo,Agnes Jane
0000000510848942,1,Dallas,Vera Mary
0000000510964708,1,Welsh,Silvia Mary
0000000501092776,1,Parker-Mallowan,Barbara
0000000501092776,2,Parker,B
0000000061458454,1,Welsford,Anne
0000000061458454,2,Welsford,A. E.
0000000061458454,3,Welsford,A. E.
000000051086394X,1,Birkmyre,Katharine
0000000063006152,1,Norgate,Kate
0000000063006152,2,Norgate,Kate
0000000063006152,3,Kate Norgate,
0000000063006152,4,Norgate,Kate
0000000063006152,5,Norgate,Kate
0000000063006152,6,Norgate,Kate
0000000063006152,7,Norgate,Kate
0000000063006152,8,Norgate,Kate
0000000063006152,9,Norgate,Kate
0000000063006152,10,Norgate,Kate
0000000063006152,11,Norgate,Kate
0000000038876447,1,Mackay,Dorothy Mary
0000000038876447,2,Mackay,Dorothy
0000000510847966,1,Okeover,
0000000382443085,1,Kerr,Louisa Hay
0000000382443085,2,Kerr,Mrs Alexander
000000051093789X,1,Stacpoole,"Gwendoline, Clare"
0000000510859916,1,Gordon,
0000000510867393,1,Moulton-Barrett,
0000000051041102,1,Kitson Clark,Mary
0000000051041102,2,Clark,Mary Kitson
0000000051041102,3,Clark,Mary Kitson
0000000051041102,4,Clark,Mary Kitson
0000000051041102,5,Clark,Mary Kitson
0000000051041102,6,Clark,Mary Kitson
0000000051041102,7,Clark,Mary Kitson
0000000051041102,8,Clark,Mary Kitson
0000000051041102,9,Mary Kitson Clark,
000000051094220X,1,Milne,Emily Alice
0000000510863456,1,Crook,Mrs Parry
0000000510863595,1,Kemplay,Catherine
0000000510917928,1,Hunt,Alice Eliza
0000000107997286,1,Blomfield,Joan
0000000107997286,2,Turville-Petre,J. E.
0000000107997286,3,Turville-Petre,Joan
0000000107997286,4,Joan Turville-Petre,
0000000107997286,5,Turville-Petre,J. E.
0000000107997286,6,Turville-Petre,Joan Elizabeth
000000051092364X,1,Davies,Josephine Mary Elizabeth
000000051086706X,1,Corcoran,Jessie
0000000510937355,1,Grafton,Emily Marion
0000000423828687,1,Wallis,Rosa
0000000423828687,2,Wallis,Rosa
0000000038672276,1,Grove,Eleanor
0000000038672276,2,Grove,Eleanor
0000000038672276,3,Grove,Eleanor
0000000038672276,4,Grove,Eleanor
0000000061455130,1,Janvier,Catharine Ann
0000000061455130,2,Catherine A. Janvier,
0000000061455130,3,Janvier,Catharine A.
0000000061455130,4,Janvier,Catharine A.
0000000061455130,5,Janvier,Catharine A.
0000000510942154,1,Braitmaier,Madi
0000000022805396,1,Hencken,Thalassa Mary
0000000022805396,2,Cruso,Thalassa
0000000022805396,3,Cruso,Thalassa
0000000510858657,1,Pritchard,Agnes
0000000510967079,1,Martin,Mary Trice
000000044721302X,1,Dendy,Mary
000000044721302X,2,Dendy,Mary
0000000077250236,1,Lamb,Winifred
0000000077250236,2,Lamb,Winifred
0000000077250236,3,Lamb,Winifred
0000000077250236,4,Lamb,Winifred
0000000077250236,5,Lamb,Winifred
0000000077250236,6,Lamb,Winifred
0000000077250236,7,Lamb,Winifred
0000000077250236,8,Lamb,Winifred
0000000077250236,9,Lamb,Winifred
0000000077250236,10,Lamb,Winifred
0000000077250236,11,Winifred Lamb,
0000000077250236,12,Lamb,Winifred
0000000510848678,1,Slade-King,Maud
0000000510938120,1,Hodgson,Elizabeth
0000000510921214,1,Ralph,Elizabeth K.
0000000510883959,1,Milne,Henrietta A.
0000000510845506,1,Buck,
0000000373895944,1,Gardiner,Dorothy
0000000373895944,2,Dorothy Gardiner,
0000000373895944,3,Gardiner,Dorothy Kempe
0000000373895944,4,Gardiner,Dorothy Kempe
0000000373895944,5,Gardiner,Dorothy
0000000373895944,6,Gardiner,Dorothy
0000000510917856,1,Peers,Dora Patience
0000000510860108,1,Compton ,Florence Caroline
0000000510918728,1,Martin,
0000000444792345,1,Law,Alice
0000000444792345,2,Law,Alice
0000000510858497,1,Mackeson,Peyton
0000000510849048,1,Lowenthal,
0000000510849136,1,Heptinstall,
0000000510844263,1,Morris,Elizabeth Florence
0000000510922890,1,Holgate,Mary Scarlet
0000000510964011,1,Poole,Margaret Ellen
0000000510937523,1,Caton,Louisa L. F.
0000000510848512,1,Pritchard,Emily Mary
0000000510845442,1,Peach,
0000000510921257,1,Patchett,Florence Margaret
0000000036959353,1,Sykes,Ella Constance
0000000036959353,2,Sykes,Ella Constance
0000000036959353,3,Sykes,Ella
0000000036959353,4,Sykes,Ella
0000000036959353,5,Ella Sykes,
0000000036959353,6,Sykes,Ella Constance
0000000510848045,1,Talbot,
0000000510848408,1,Rooth,
0000000510849128,1,Colquhoun,Beatrice
0000000510860853,1,Wilson,
0000000510823120,1,Dalison,
0000000042678320,1,Roundell,Julia Anne Elizabeth
0000000042678320,2,Julia Anne Elizabeth Roundell,
0000000510883924,1,Reade,Maria Emma Elizabeth Conway Griffith
0000000510923009,1,Tempest,Eleanor Blanche
0000000390166612,1,Townshend,Dorothea
0000000390166612,2,Townshend,Dorothea Baker
0000000390166612,3,Townshend,Dorothea
0000000390166612,4,Townshend,Dorothea
0000000390166612,5,Townshend,Dorothea
0000000510883289,1,Harriss,
0000000067481241,1,Thornton,Grace
0000000067481241,2,Thornton,Grace
0000000067481241,3,Thornton,Grace
0000000067481241,4,Thornton,Grace
0000000510934947,1,Jolliffe,Norah
0000000510918277,1,Blyth,E.
000000004807427X,1,Paget,Clara Fardell
000000004807427X,2,Paget,Clara
0000000510918111,1,Micklethwaite,
0000000071323916,1,Wheeler,Tessa Verney
0000000071323916,2,Wheeler,Tessa Verney
0000000071323916,3,Wheeler,Tessa Verney
0000000071323916,4,Tessa Wheeler,
0000000071323916,5,Wheeler,Tessa Verney
0000000071323916,6,Wheeler,Tessa Verney
0000000071323916,7,Wheeler,Tessa Verney
0000000071323916,8,Wheeler,Tessa Verney
0000000071323916,9,Wheeler,Tessa Verney
000000051084559X,1,Beaven,
0000000510942146,1,Mitchell,Frances J.
0000000110448878,1,Coate,Mary
0000000110448878,2,Coate,Mary
0000000110448878,3,Coate,Mary Anne
0000000110448878,4,Coate,Mary
0000000110448878,5,Coate,Mary
0000000110448878,6,Coate,Mary
0000000110448878,7,Coate,Mary
0000000110448878,8,Coate,Mary
0000000110448878,9,Coate,Mary
0000000510845549,1,Parkinson,Diana C.
0000000066664054,1,Routh,E.M.G.
0000000066664054,2,Routh,E.M.G.
0000000066664054,3,Routh,E. M. G.
0000000066664054,4,Routh,E. M. G.
0000000066664054,5,Routh,E.M.G.
0000000066664054,6,Routh,Enid M. G.
0000000066664054,7,Routh,E. M. G.
0000000140463681,1,Wilson,Charlotte Mary
0000000140463681,2,Charlotte Wilson,
0000000140463681,3,Wilson,Charlotte M.
0000000140463681,4,Wilson,Charlotte
000000004647670X,1,Balfour,Marie Clothilde
000000004647670X,2,Balfour,Marie Clothilde
000000004647670X,3,Balfour,Marie Clothilde
000000004647670X,4,Balfour,Marie Clothilde
000000004647670X,5,Balfour,Marie Clothilde
000000004647670X,6,Marie Clothilde Balfour,
0000000082130482,1,Burne,Charlotte Sophia
0000000082130482,2,Burne,Charlotte Sophia
0000000082130482,3,Burne,Charlotte Sophia
0000000082130482,4,Burne,Charlotte Sophia
0000000082130482,5,Burne,Charlotte Sophia
0000000082130482,6,Burne,Charlotte Sophia
0000000082130482,7,Burne,Charlotte Sophia
0000000082130482,8,Charlotte Sophia Burne,
0000000082130482,9,Burne,Charlotte Sophia
0000000046106717,1,Russell,Constance Charlotte Elisa
0000000046106717,2,Russell,
0000000084585747,1,Reid,R. R.
0000000084585747,2,Reid,R. R.
0000000084585747,3,Reid,R. R.
0000000122843322,1,Garrod,Dorothy Annie Elizabeth
0000000122843322,2,Garrod,Dorothy A.E.
0000000122843322,3,Dorothy Garrod,
0000000122843322,4,Garrod,D. A. E.
0000000122843322,5,Garrod,D. A. E.
0000000122843322,6,Garrod,D. A. E.
0000000122843322,7,Garrod,D. A. E.
0000000122843322,8,Garrod,Dorothy A.
0000000122843322,9,Garrod,Dorothy Anne Elizabeth
0000000122843322,10,Garrod,Dorothy
0000000122843322,11,Garrod,Dorothy Annie Elizabeth
0000000122843322,12,Garrod,Dorothy Anne Elizabeth
0000000510867115,1,Bury,
0000000510863624,1,Richardson,Alice
0000000510918699,1,Harding,E.
0000000510870293,1,Hetherington,Elizabeth
0000000114744623,1,Fox,Aileen
0000000114744623,2,Fox,Aileen
0000000114744623,3,Aileen Fox,
0000000114744623,4,Fox,Aileen
0000000114744623,5,Fox,Aileen
0000000114744623,6,Fox,Aileen
0000000114744623,7,Fox,Aileen
0000000114744623,8,Fox,Aileen
0000000510964409,1,McPherson,Florence
0000000052056306,1,Minet,Susan
0000000052056306,2,Minet,Susan
0000000052056306,3,Minet,Susan
0000000052056306,4,Minet,Susan
0000000052056306,5,Minet,Susan
0000000510923105,1,Leslie,A.
0000000510967263,1,Morison,Margaret Cotter
0000000442616663,1,Woodward,Margaret E.
0000000442616663,2,Woodward,M. E.
0000000109110116,1,Murray Katherine Maud Elisabeth,
0000000109110116,2,Murray,K. M. Elisabeth
0000000109110116,3,Murray,K. M. Elisabeth
0000000109110116,4,Elisabeth Murray,
0000000109110116,5,Murray,K. M. Elisabeth
0000000109110116,6,Murray,K. M. Elisabeth
0000000109110116,7,Murray,K. M. Elisabeth
0000000109110116,8,Murray,K. M. Elisabeth
0000000109110116,9,Murray,K. M. Elisabeth
0000000109110116,10,Murray,K.M. Elisabeth
0000000109110116,11,Murray,Katharine Maud Elisabeth
0000000109110116,12,Murray,Katharine Maud Elisabeth
0000000109110116,13,Murray,Katharine Maud Elisabeth
0000000109110116,14,Murray,Katherine M. Elisabeth
0000000109110116,15,Murray,Katherine Maud Elisabeth
0000000109110116,16,Murray,Katherine Maud Elisabeth
000000004592243X,1,Trounson,K. E.
000000004592243X,2,Trounson,K. E.
0000000510937945,1,Grimston,Ellen
0000000510884118,1,Panton,Emma M.
0000000436592896,1,Tyssen-Amherst,Alicia
0000000436592896,2,Amherst,Alicia
0000000436592896,3,Cecil,Evelyn
0000000436592896,4,Alicia Margaret Amherst Cecil Rockley,
0000000436592896,5,Cecil,Evelyn
0000000436592896,6,Cecil,Evelyn
0000000436592896,7,Cecil,Evelyn
0000000436592896,8,Cecil,Evelyn
0000000436592896,9,Cecil,Evelyn
0000000436592896,10,Rockley,
0000000049538494,1,Mitchell,Elizabeth Harcourt
0000000049538494,2,Mitchell,Elizabeth Harcourt
0000000049538494,3,Mitchell,Elizabeth Harcourt
0000000510935739,1,Skinner,Emily
0000000053489584,1,Northcote,Rosalind
0000000053489584,2,Northcote,Rosalind
0000000510950023,1,Law,L. A.
0000000077323810,1,Brodrick,Mary
0000000077323810,2,Brodrick,Mary
0000000077323810,3,Broderick,Mary
0000000077323810,4,Brodrick,M.
0000000077323810,5,Brodrick,Mary
0000000077323810,6,Mary Brodrick,
0000000077323810,7,Brodrick,Mary
0000000077323810,8,Brodrick,M.
0000000077323810,9,Broderick,Mary
0000000510959415,1,Bailey,Dora
0000000120172262,1,Schliemann,Sophia
0000000120172262,2,Schliemann,Sophie
0000000120172262,3,Schliemann,S.
0000000120172262,4,Schliemann,Sophia
0000000120172262,5,Schliemann,Sophia
0000000120172262,6,Schliemann,Sophia
0000000120172262,7,Schliemann,Sophia
0000000120172262,8,Schliemann,Sophia
0000000120172262,9,Schliemann,Sophie Kastromenos
0000000120172262,10,Schliemann,Sophie Kastromenos
0000000120172262,11,Sophia Schliemann,
0000000510935659,1,Jordan,Mary Isabella
0000000510823163,1,Blomfield,Mollie
0000000116046378,1,Petrie,Hilda
0000000116046378,2,Petrie,Hilda
0000000116046378,3,Petrie,Hilda
0000000116046378,4,Hilda Petrie,
0000000116046378,5,Petrie,Hilda Flinders
0000000116046378,6,Petrie,Hilda
0000000116046378,7,Petrie,Hilda
0000000116046378,8,Petrie,Hilda
0000000116046378,9,Petrie,Hilda
0000000116046378,10,Petrie,Hilda Flinders
0000000510918189,1,Harding,Amy C.
000000044850470X,1,Hickson,Mary Agnes
000000044850470X,2,Hickson,Mary Agnes
0000000080819868,1,Davenport,Frances G.
0000000080819868,2,Davenport,Frances Gardiner
0000000080819868,3,Davenport,Frances Gardiner
0000000080819868,4,Davenport,Frances G.
0000000080819868,5,Davenport,Frances G.
0000000080819868,6,Davenport,Frances G.
0000000080819868,7,Davenport,Frances Gardiner
0000000080819868,8,Davenport,Frances Gardiner
0000000080819868,9,Davenport,Frances Gardiner
0000000080819868,10,Davenport,Frances Gardiner
0000000080819868,11,Davenport,Frances G.
0000000080819868,12,Frances Gardiner Davenport,
0000000080819868,13,Davenport,Frances Gardiner
0000000080819868,14,Davenport,Frances Gardiner
0000000510863499,1,Danby,T. W.
0000000510964134,1,Sharp,Annie Mary
0000000510941610,1,Patterson,Clara M.
0000000510832510,1,Ferguson,Margaret Josephine
0000000510884118,1,Panton,Emma M.
0000000510860941,1,Mauleverer,Anne
0000000082283227,1,Gomme,Alice Bertha
0000000082283227,2,Gomme,Alice Bertha
0000000082283227,3,Alice Gomme,
0000000082283227,4,Gomme,Alice Bertha
0000000082283227,5,Gomme,Alice Bertha
0000000082283227,6,Gomme,Alice Bertha
0000000082283227,7,Gomme,Alice Bertha
0000000082283227,8,Gomme,Alice Bertha
0000000082283227,9,Gomme,Alice Bertha
0000000082283227,10,Gomme,Alice Bertha
0000000082283227,11,Gomme,Alice Bertha
0000000510918023,1,Smith,Emily Smythies Machell
0000000510860781,1,Whiteman ,Elizabeth Horsley
0000000510959378,1,Turner,M. Agatha
0000000510935843,1,Gray,M.
0000000510918162,1,Paskin,
0000000081285642,1,Lloyd,Eleanor
0000000081285642,2,Lloyd,Eleanor
0000000081285642,3,Lloyd,Eleanor
0000000081285642,4,Lloyd,Eleanor
0000000081285642,5,Lloyd,Eleanor
0000000081285642,6,Lloyd,Eleanor
0000000110310035,1,Evans,Joan
0000000110310035,2,Evans,Joan
0000000110310035,3,Evans,Joan
0000000110310035,4,Evans,Joan
0000000110310035,5,Evans,Joan
0000000110310035,6,Evans,Joan
0000000110310035,7,Evans,Joan
0000000110310035,8,Evans,Joan
0000000110310035,9,Evans,Joan
0000000110310035,10,Evans,Joan
0000000110310035,11,Evans,Joan
0000000110310035,12,Evans,Joan
0000000110310035,13,Evans,Joan
0000000110310035,14,Evans,Joan
0000000110310035,15,Evans,Joan
0000000110310035,16,Evans,Joan
0000000110310035,17,Evans,Joan
0000000110310035,18,Joan Evans,
0000000110310035,19,Evans,Joan
0000000110310035,20,Evans,Joan
0000000110310035,21,Evans,A.
0000000510832369,1,Mannooch Welch,Anne
0000000510950015,1,Carson,Katherine
0000000501125320,1,Guthrie,E. J
0000000501125320,2,Guthrie,Ellen Emma
0000000510845805,1,Mainwaring,
000000051092284X,1,Speakman,
0000000510963561,1,Dempster,H.
0000000062437399,1,Hutton,C. Amy
0000000062437399,2,Hutton,Caroline Amy
0000000062437399,3,Hutton,Caroline Amy
0000000062437399,4,Hutton,Caroline Amy
0000000062437399,5,Hutton,Caroline Amy
0000000510884150,1,Ussher,Mary
0000000398074210,,Hyslop, Kathleen Rachel Maxwell
0000000398074210,,Maxwell-Hyslop, Kathleen Rachel